{
  "PatchName": "iPadView , 120FPS",
  "VersionName": "4.1",
  "Architecture": "arm64",
  "FileName": "main.20525.com.vng.pubgmobile.obb",
  "GameName": "PUBG VNG",
  "GamePakgeName": "com.vng.pubgmobile",
  "FileSize": 1197778134,
  "FileSizeFormatted": "1.12 GB",
  "OriginalFileMD5": "85e74d7c144c98353fcd9c6f737a092b",
  "ModifiedFileMD5": "8ef0b8c15637a07bd0bc1b4df2d1d2b9",
  "Injection1_Status": "Success",
  "Injection1_Offset": 27090466,
  "Injection1_OffsetHex": "0x19D5E22",
  "Injection1_Marker": "{iPadView , 120FPS-4.1}",
  "Injection2_Status": "Success",
  "Injection2_Offset": 1197776357,
  "Injection2_OffsetHex": "0x47649DE5",
  "Injection2_Marker": "xHamza_372841770336653",
  "ComparisonDate": "2025-11-17T20:40:49.287026",
  "Format": "SimplifiedV2_DualInjection",
  "TotalPatchesApply": 14,
  "TotalPatchesRestore": 14,
  "ApplyPatchFile": "patch_apply.json",
  "RestorePatchFile": "patch_restore.json",
  "TotalApplySize": 1199,
  "TotalRestoreSize": 1199
}