{
  "PatchName": "iPadView , NoGrass , WhiteBody , MagicBullet",
  "VersionName": "4.1",
  "Architecture": "arm64",
  "FileName": "main.20525.com.vng.pubgmobile.obb",
  "GameName": "Pubg VNG",
  "GamePakgeName": "com.vng.pubgmobile",
  "FileSize": 1197778134,
  "FileSizeFormatted": "1.12 GB",
  "OriginalFileMD5": "85e74d7c144c98353fcd9c6f737a092b",
  "ModifiedFileMD5": "f6cbe0577c8a6b00d46bbeacacc52d8a",
  "InjectionStatus": "Success",
  "InjectionOffset": 27090466,
  "InjectionOffsetHex": "0x19D5E22",
  "InjectionMarker": "{iPadView , NoGrass , WhiteBody , MagicBullet-4.1}",
  "ComparisonDate": "2025-11-15T23:57:07.852513",
  "Format": "SimplifiedV2",
  "TotalPatchesApply": 19,
  "TotalPatchesRestore": 19,
  "ApplyPatchFile": "patch_apply.json",
  "RestorePatchFile": "patch_restore.json",
  "TotalApplySize": 2876,
  "TotalRestoreSize": 2876
}